ProductCode	ProductName	Price	Quantity
412150602	BOLD COMP BACKPACK BLUE	47	50
412150605	BOLD COMP BACKPACK GRAY	47	50
412150606	BOLD COMP BACKPACK OLIVE	47	50
412152202	BOLD 22IN EXP RLBRD BLUE	70.5	50
412152205	BOLD 22IN EXP RLBRD GRAY	70.5	50
412152206	BOLD 22IN EXP RLBRD OLIVE	70.5	50
412152502	BOLD 25IN EXP RLBRD BLUE	79.9	50
412152505	BOLD 25IN EXP RLBRD GRAY	79.9	50
412152506	BOLD 25IN EXP RLBRD OLIVE	79.9	50
412152802	BOLD 28IN EXP RLBRD BLUE	89.3	50
412152805	BOLD 28IN EXP RLBRD GRAY	89.3	50
412152806	BOLD 28IN EXP RLBRD OLIVE	89.3	50
412153002	BOLD 30IN DRP BTM DUF BLUE	94	50
412153005	BOLD 30IN DRP BTM DUF GRAY	94	50
412153006	BOLD 30IN DRP BTM DUF OLV	94	50
412156102	BOLD 21IN EXP SPNR BLUE	79.9	50
412156105	BOLD 21IN EXP SPNR GRAY	79.9	50
412156602	BOLD 26IN EXP SPNR BLUE	94	50
412156605	BOLD 26IN EXP SPNR GRAY	94	50
407160301	CREW 11 DELUXE TOTE BLACK	47	50
407160301L	CREW 11 DELUXE TOTE BLACK	26.88	0
407160365	CREW 11 DELUXE TOTE INDIGO	47	0
407160365L	CREW 11 DELUXE TOTE INDIGO	26.88	0
407160401	CREW11 BIFOLD GARMENT BAG BLK	84.6	50
407160401L	CREW11 BIFOLD GARMENT BAG BLK	46.91	0
407160465L	CREW11 BIFOLD GARMENT BAG INDI	46.91	0
407161301	CREW11 ROLLING TOTE BLACK	84.6	50
407161301L	CREW11 ROLLING TOTE BLACK	51.37	0
407161302	CREW11 ROLLING TOTE PATRIOT BL	84.6	50
407161322	CREW11 ROLLING TOTE NAVY	84.6	50
407161365	CREW11 ROLLING TOTE INDIGO	84.6	50
407161365L	CREW11 ROLLING TOTE INDIGO	51.37	0
407162001	CREW11 20IN BUS PLUS RB BLACK	103.4	50
407162001L	CREW11 20IN BUS PLUS RB BLACK	70.51	0
407162201	CREW11 22IN EXP RLBRD SUITR BK	103.4	50
407162201L	CREW11 22IN EXP RLBRD SUITR BK	64.88	0
407162202	CREW11 22IN EXP RB SUITR P BLU	103.4	50
407162204	CREW11 22IN EXP RB SUITR M BRW	103.4	50
407162222	CREW11 22IN EXP RLBRD SUITR NA	103.4	50
407162265	CREW11 22IN EXP RLBRD SUITR IN	103.4	50
407162265L	CREW11 22INEXP RLBRD SUITR IND	64.88	0
407162601	CREW11 26IN EXP RLBRD SUITR BK	126.9	50
407162601L	CREW11 26IN EXP RLBRD SUITR BK	75.54	0
407162665	CREW11 26IN EXP RLBRD SUITR IN	126.9	50
407162665L	CREW11 26INEXP RLBRD SUITR IND	75.54	0
407164001	CREW11 ROL GRM BAG CARRY ON BK	141	50
407164001L	CREW11 ROL GRM BAG CARRY ON BK	79.77	0
407164065	CREW11 ROL GRM BAG CARRY ON IN	141	50
407164065L	CREW11 ROL GRMBAG CARRY ON IND	79.77	0
407164301	CREW11 INTL C.O RLBD BLACK	94	50
407164301L	CREW11 INTL C.O RLBD BLACK	60.97	0
407164365L	CREW11 INTL C.O RLBD INDIGO	60.97	0
407165101	CREW11 50IN GARMENT BAG BLK	164.5	50
407165101L	CREW11 50IN GARMENT BAG BLK	99.82	0
407165301	CREW11 SPINNER TOTE BLACK	94	50
407165301L	CREW11 SPINNER TOTE BLACK	63.43	0
407165365	CREW11 SPINNER TOTE INDIGO	94	50
407165365L	CREW11 SPINNER TOTE INDIGO	63.43	0
407166001	CREW11 INTL CARRYON SPR BLK	108.1	50
407166001L	CREW11 INTL CARRYON SPR BLK	75	0
407166065	CREW11 INTL CARRYON SPR INDIGO	108.1	0
407166065L	CREW11 INTL CARRYON SPR INDIGO	75	0
407166101	CREW11 21IN EXP SPINNER BLK	108.1	50
407166101L	CREW11 21IN EXP SPINNER BLK	78.43	0
407166102	CREW11 21IN EXP SPN PATRIOT BL	108.1	50
407166104	CREW11 21IN EXP SPNR M BROWN	108.1	50
407166122	CREW11 21IN EXP SPINNER NAVY	108.1	50
407166165	CREW11 21IN EXP SPINNER INDIGO	108.1	50
407166165L	CREW11 21IN EXP SPINNER INDIGO	78.43	0
407166501	CREW11 25IN EXP SPINNER BLK	126.9	50
407166501L	CREW11 25IN EXP SPINNER BLK	85.32	0
407166502	CREW11 25IN EXP SPN PATRIOT BL	126.9	50
407166504	CREW11 25IN EXP SPNR M BROWN	126.9	50
407166522	CREW11 25IN EXP SPINNER NAVY	126.9	50
407166565	CREW11 25IN EXP SPINNER INDIGO	126.9	50
407166565L	CREW11 25IN EXP SPINNER INDIGO	85.32	0
407166701	CREW11 INTL CARRYON SPR BLK	108.1	50
407166701L	CREW11 INTL CARRYON SPR BLK	75	0
407166765L	CREW11 INTL CARRYON SPR INDIGO	75	0
407166901	CREW11 29IN EXP SPINNER BLK	141	50
407166901L	CREW11 29IN EXP SPINNER BLK	96.57	0
407166902	CREW11 29IN EXP SPNR PATRIOT B	141	50
407166922	CREW11 29IN EXP SPINNER NAVY	141	50
407166965	CREW11 29IN EXP SPINNER INDIGO	141	50
407166965L	CREW11 29IN EXP SPINNER INDIGO	96.57	0
407167001	CREW11 SLIM BODY RLBD BLK	94	0
407167001L	CREW11 SLIM BODY RLBD BLK	61.45	0
407167065	CREW11 SLIM BODY RLBD INDIGO	94	0
407167065L	CREW11 SLIM BODY RLBD INDIGO	61.45	0
407168901	C11 CARRYON SMT DUFFLE BLK	94	50
407168902	C11 CARRYON SMT DFLE PAT BLUE	94	50
407168904	C11 CARRYON SMT DFLE MBRWN	94	50
407169101	C11 21IN HS SPIN OBSIDIAN BLK	108.1	50
407169105	C11 21IN HS SPIN CARBON GREY	108.1	0
407169122	C11 21IN HARDSIDE SPIN NAVY	108.1	50
407169142	C11 21IN HARDSIDE SPIN SILVER	108.1	50
4071691B01	C11 21IN HS SPIN OB BLK LNG BL	108.1	50
4071691L22	C11 21IN HARDSIDE SPIN NAVY	70.28	0
4071691L42	C11 21IN HARDSIDE SPIN SILVER	70.28	0
407169201	C11 22IN HS RLBD OBSIDIAN BLK	DIS	50
407169205	C11 22IN HS RLBD CARBON GREY	103.4	0
407169222	C11 22IN HARDSIDE RLBD NAVY	103.4	0
407169242	C11 22IN HARDSIDE RLBD SILVER	103.4	0
4071692B01	C11 22IN HS RLBD OB BLK LNG BL	103.4	50
4071692L22	C11 22IN HARDSIDE RLBD NAVY	70.28	0
4071692L42	C11 22IN HARDSIDE RLBD SILVER	70.28	0
407169501	C11 25IN  HS SPIN OBSIDIAN BLK	126.9	50
407169505	C11 25IN  HS SPIN CARBON GREY	126.9	0
407169522	C11 25IN  HARDSIDE SPIN NAVY	126.9	0
407169542	C11 25IN  HARDSIDE SPIN SILVER	126.9	50
4071695B01	C11 25IN HS SPIN OB BLK LNG BL	126.9	50
4071695L22	C11 25IN  HARDSIDE SPIN NAVY	78.92	0
4071695L42	C11 25IN  HARDSIDE SPIN SILVER	78.92	0
407169922	C11 29IN HARDSIDE SPIN NAVY	141	0
407169942	C11 29IN HARDSIDE SPIN SILVER	141	50
4071699L22	C11 29IN HARDSIDE SPIN NAVY	86.54	0
4071699L42	C11 29IN HARDSIDE SPIN SILVER	86.54	0
405160501	EXEC CH2 15.6 CPF SLIM BRF BLK	84.6	0
405160601	EXEC CH2 17IN CPF COMP BP BLK	94	50
405161301	EXEC CH2 17IN WHEELED BRIEF BK	122.2	50
405164101	EXEC CH2 PILOT BRIEF BLK	94	50
401150301	MAXLTE 4 SOFT TOTE BLACK	32.9	0
401150301L	MAXLTE 4 SOFT TOTE BLACK	19.15	0
401150302	MAXLTE 4 SOFT TOTE BLUE	32.9	50
401150302L	MAXLTE 4 SOFT TOTE BLUE	19.15	0
401150332	MAXLTE 4 SOFT TOTE PURPLE	32.9	0
401150332L	MAXLTE 4 SOFT TOTE PURPLE	19.15	0
401150401	MAXLTE 4 BIFOLD GARM SLVE BLK	47	0
401150401L	MAXLTE 4 BIFOLD GARM SLVE BLK	31.28	0
401150402	MAXLTE 4 BIFOLD GARM SLVE BLUE	47	0
401150402L	MAXLTE 4 BIFOLD GARM SLVE BLUE	31.28	0
401150432	MAXLTE 4 BIFOLD GARM SLVE PURP	47	0
401150432L	MAXLTE 4 BIFOLD GARM SLVE PURP	31.28	0
401151001	MAXLTE 4 BIFOLD HANG GARM BLK	47	50
401151001L	MAXLTE 4 BIFOLD HANG GARM BLK	99.99	0
401151301	MAXLTE 4 ROLLING TOTE BLACK	47	50
401151301L	MAXLTE 4 ROLLING TOTE BLACK	30.49	50
401151302	MAXLTE 4 ROLLING TOTE BLUE	47	50
401151302L	MAXLTE 4 ROLLING TOTE BLUE	30.49	50
401151308	MAXLTE 4 ROLLING TOTE RED	47	0
401151332	MAXLTE 4 ROLLING TOTE PURPLE	47	50
401151332L	MAXLTE 4 ROLLING TOTE PURPLE	30.49	0
4011518L01	MAXLTE 4 INTL CARRY-ON SPNR BK	44.37	0
401152001	ML4 INTL EXP CARRY-ON RLBD BK	56.4	0
401152001L	ML4 INTL EXP CARRY-ON RLBD BK	36.2	0
401152002	ML4 INTL EXP CARRY-ON RLBD BLU	56.4	0
401152002L	ML4 INTL EXP CARRY-ON RLBD BLU	36.2	0
401152032	ML4 INTL EXP CARRY-ON RLBD PUR	56.4	0
401152032L	ML4 INTL EXP CARRY-ON RLBD PUR	36.2	0
401152201	MAXLTE 4 22IN EXP RLLBRD BLK	61.1	50
401152201L	MAXLTE 4 22IN EXP RLLBRD BLK	35.63	0
401152202	MAXLTE 4 22IN EXP RLLBRD BLUE	61.1	50
401152202L	MAXLTE 4 22IN EXP RLLBRD BLUE	35.63	0
401152204	MAXLTE 4 22IN EXP RLLBRD BROWN	61.1	0
401152205	MAXLTE 4 22IN EXP RLLBRD GREY	61.1	0
401152206	ML 4 22IN EXP RLLBRD SLT GRN	61.1	0
401152207	MAXLTE 4 22IN EXP RLLBRD PINK	61.1	0
401152208	MAXLTE 4 22IN EXP RLLBRD RED	61.1	0
401152232	MAXLTE 4 22IN EXP RLLBRD PURPL	61.1	50
401152232L	MAXLTE 4 22IN EXP RLLBRD PURPL	35.63	0
401152242	ML4 22IN EXP RLBRD SHADOW GREY	61.1	0
401152601	MAXLTE 4 26 EXP RLLBRD BLK	75.2	50
401152601L	MAXLTE 4 26 EXP RLLBRD BLK	43.48	0
401152602	MAXLTE 4 26 EXP RLLBRD BLUE	75.2	0
401152602L	MAXLTE 4 26 EXP RLLBRD BLUE	43.48	0
401152632	MAXLTE 4 26 EXP RLLBRD PURPLE	75.2	0
401152632L	MAXLTE 4 26 EXP RLLBRD PURPLE	43.48	0
401152A01	MAXLTE 4 2PC 29/21 SPNR BLACK	150.4	0
401152A02	MAXLTE 4 2PC 29/21 SPNR BLUE	150.4	0
401152A06	MAXLTE4 2PC 21/29 SPNR S.GREEN	150.4	0
401152D01	ML4 2PC 25/21 SPNR BLACK	141	0
401152D02	ML4 2PC 25/21 SPNR BLUE	141	0
401152D06	MAXLTE4 2PC 21/25 SPNR S.GREEN	141	0
401152D08	MAXLTE4 2PC 21/25 SPNR RED	141	0
401152D32	ML4 2PC 25/21 SPNR PURPLE	141	0
401152E02	ML4 2PC SET 26/22 RB BLUE	136.3	50
401153A01	ML4 3PC 29/25/21 SPNR BLACK	225.6	50
401153A02	ML4 3PC 29/25/21 SPNR BLUE	225.6	0
401153A06	ML4 3PC 29/25/21 SPNR S.GREEN	225.6	0
401153A08	ML4 3PC 29/25/21 SPNR RED	225.6	0
401153A32	ML4 3PC 29/25/21 SPNR PURPLE	225.6	50
401154001	ML4 CARRY-ON GARM BAG BLACK	89.3	0
401154001L	ML4 CARRY-ON GARM BAG BLACK	55.08	0
401154002	ML4 CARRY-ON GARM BAG BLUE	89.3	0
401154002L	ML4 CARRY-ON GARM BAG BLUE	55.08	0
401154032	ML4 CARRY-ON GARM BAG PURPLE	89.3	0
401154032L	ML4 CARRY-ON GARM BAG PURPLE	55.08	0
4011543L01	MAXLTE 4 INTL CARRY-ON RB BK	36.22	0
4011543L02	MAXLTE 4 55CM CARRY-ON RB BL	36.22	0
401155401L	MAXLTE 4 31IN EXP SPINNER BLK	DIS	0
401155402L	MAXLTE 4 31IN EXP SPINNER BLUE	53.79	0
401156001	MAXLTE 4 INTL CARRY-ON SPNR BK	61.1	0
401156001L	MAXLTE 4 INTL CARRY-ON SPNR BK	42.83	0
401156002	MAXLTE 4 INTL CARRY-ON SPNR BL	61.1	0
401156002L	MAXLTE 4 INTL CARRY-ON SPNR BL	42.83	0
401156004	MAXLTE 4 INTL C/O SPNR BROWN	56.4	0
401156005	MAXLTE 4 INTL CARRY-ON SPNR GR	56.4	0
401156007	MAXLTE 4 INTL C/O SPINNER PINK	56.4	0
401156008	MAXLTE 4 INTL CARRYON SPNR RED	56.4	0
401156032	MAXLTE 4 INTL CARRY-ON SPNR PU	61.1	0
401156032L	MAXLTE 4 INTL CARRY-ON SPNR PU	42.83	0
401156101	MAXLTE 4 21IN EXP SPINNER BLK	65.8	0
401156101L	MAXLTE 4 21IN EXP SPINNER BLK	43.78	0
401156102	MAXLTE 4 21IN EXP SPINNER BLUE	65.8	50
401156102L	MAXLTE 4 21IN EXP SPINNER BLUE	43.78	0
401156104	MAXLTE4 21IN EXP SPINNER BROWN	65.8	0
401156105	MAXLTE 4 21IN EXP SPINNER GREY	65.8	0
401156106	ML 4 21IN EXP SPINNER SLT GRN	65.8	0
401156107	MAXLTE 4 21IN EXP SPINNER PINK	65.8	0
401156108	MAXLTE 4 21IN EXP SPINNER RED	65.8	0
401156128	MAXLTE 4 21IN EXP SPINNER MGT	65.8	0
401156132	MAXLTE 4 21IN EXP SPINNER PURP	65.8	50
401156132L	MAXLTE 4 21IN EXP SPINNER PURP	43.78	0
401156301	M4 ROLL UNDERSEAT CARRYON BLK	56.4	0
401156302	M4 ROLL UNDERSEAT CARRYON BLUE	56.4	0
401156306	M4 ROL UNDRST CARRYON SL GREEN	56.4	0
401156328	M4 ROLL UNDERSEAT CARRYON MGT	56.4	50
401156501	MAXLTE 4 25IN EXP SPINNER BLK	75.2	50
401156501L	MAXLTE 4 25IN EXP SPINNER BLK	49.49	0
401156502	MAXLTE 4 25IN EXP SPINNER BLUE	75.2	0
401156502L	MAXLTE 4 25IN EXP SPINNER BLUE	49.49	0
401156504	MAXLTE4 25IN EXP SPINNER BROWN	75.2	0
401156505	MAXLTE 4 25IN EXP SPINNER GREY	75.2	0
401156506	ML 4 25IN EXP SPINNER SLT GRN	75.2	0
401156507	MAXLTE 4 25IN EXP SPINNER PINK	75.2	0
401156508	MAXLTE 4 25IN EXP SPINNER RED	75.2	0
401156528	MAXLTE 4 25IN EXP SPINNER MGT	75.2	0
401156532	MAXLTE 4 25IN EXP SPINNER PURP	75.2	50
401156532L	MAXLTE 4 25IN EXP SPINNER PURP	49.49	0
401156542	ML4 25IN EXP SPNR SHADOW GREY	75.2	0
4011567L02	MAXLTE 4 55CM CARRYON SPIN BL	44.37	0
401156901	MAXLTE 4 29IN EXP SPINNER BLK	84.6	0
401156901L	MAXLTE 4 29IN EXP SPINNER BLK	54.32	0
401156902	MAXLTE 4 29IN EXP SPINNER BLUE	84.6	50
401156902L	MAXLTE 4 29IN EXP SPINNER BLUE	54.32	0
401156904	MAXLTE4 29IN EXP SPINNER BROWN	84.6	0
401156905	MAXLTE 4 29IN EXP SPINNER GREY	84.6	0
401156906	ML4 29IN EXP SPNR SLATE GREEN	84.6	0
401156907	MAXLTE 4 29IN EXP SPINNER PINK	84.6	0
401156908	MAXLTE 4 29IN EXP SPINNER RED	84.6	0
401156932	MAXLTE 4 29IN EXP SPINNER PURP	84.6	50
401156932L	MAXLTE 4 29IN EXP SPINNER PURP	54.32	0
401157301	M4 CARRYON ROLL DUFFLE BLACK	56.4	0
401157302	M4 CARRYON ROLL DUFFLE BLUE	56.4	0
401157306	M4 CARRYON ROL DUFFLE SLT GRN	56.4	0
401157328	M4 CARRYON ROLL DUFFLE MGT	56.4	0
401157701	ML 4 COMPACT CARRYON SPIN BLK	24.3	0
401157702	ML 4 COMPACT CARRYON SPIN BLUE	24.3	0
401157708	ML 4 COMPACT CARRYON SPIN RED	24.3	0
401158301	ML 4 COMPACT BOARDING BAG BLK	35.75	0
401158302	ML 4 COMPACT BOARDING BAG BLUE	35.75	0
401158308	ML 4 COMPACT BOARDING BAG RED	35.75	0
401159101	ML4 21IN EX HRDSID SPNR BK/GR	70.5	0
401159165	ML4 21IN EX HRDSID SPNR DK PUR	70.5	0
4011591L01	ML4 21IN EX HRDSID SPNR BK/GR	44.34	0
4011591L65	ML4 21IN EX HRDSID SPNR DK PUR	44.34	0
401159501	MX4 25IN EX HRDSID SPNR BK/GR	84.6	0
401159565	MX4 25IN EX HRDSID SPNR DK PUR	84.6	0
4011595L01	MX4 25IN EX HRDSID SPNR BK/GR	51.95	0
4011595L65	MX4 25IN EX HRDSID SPNR DK PUR	51.95	0
401159901	MX4 29IN EX HRDSID SPNR BK/GR	94	0
401159965	MX4 29IN EX HRDSID SPNR DK PUR	94	0
4011599L01	MX4 29IN EX HRDSID SPNR BK/GR	60.17	0
4011599L65	MX4 29IN EX HRDSID SPNR DK PUR	60.17	0
401170001	MAXLITE 5 LADIES BP BLACK	47	50
401170006	MAXLITE 5 LADIES BP SL GRN	47	50
401170007	MAXLITE 5 LADIES BP DUSTY ROSE	47	50
401170301	MAXLTE 5 SOFT TOTE BLACK	32.9	50
401170306	MAXLTE 5 SOFT TOTE SLATE GREEN	32.9	50
401170307	MAXLTE 5 SOFT TOTE DUSTY ROSE	32.9	0
401170327	MAXLTE 5 SOFT TOTE AZURE BLUE	32.9	50
401170601	MAXLITE 5 LAPTOP BP BLK	47	50
401170606	MAXLITE 5 LAPTOP BP SLATE GRN	47	50
401171001	MAXLTE 5 BIFOLD HANG GARM BLK	47	50
401171001L	MAXLTE 5 BIFOLD HANG GARM BLK	32.03	0
401171301	MAXLTE 5 ROLLING TOTE BLACK	47	50
401171301L	MAXLTE 5 ROLLING TOTE BLACK	29.88	0
401171327	MAXLTE 5 ROLL TOTE AZURE BLUE	47	50
401171327L	MAXLTE 5 ROLL TOTE AZURE BLUE	29.88	0
401171401	MAXLITE 5 LADIES TOTE BLACK	47	50
401171406	MAXLITE 5 LADIES TOTE SL GRN	47	50
401171407	MAXLITE 5 LADIES TOTE DUS ROSE	47	50
401172201	MAXLTE 5 22IN EXP RLLBRD BLK	61.1	50
401172201L	MAXLTE 5 22IN EXP RLLBRD BLK	36.6	0
401172204	MAXLTE 5 22IN EXP RLBD BROWN	61.1	0
401172206	MAXLTE 5 22IN EX RLBD SL GREEN	61.1	50
401172206L	MAXLTE 5 22IN EX RLBD SL GREEN	36.6	0
401172207	MAXLTE 5 22IN EX RLBD DUS ROSE	61.1	50
401172207L	MAXLTE 5 22IN EX RLBD DUS ROSE	36.6	0
401172227	MAXLTE 5 22IN EX RLBD AZUR BLU	61.1	50
401172227L	MAXLTE 5 22IN EX RLBD AZUR BLU	36.6	0
401172601	MAXLTE 5 26IN EXP RLLBRD BLK	75.2	50
401172601L	MAXLTE 5 26IN EXP RLLBRD BLK	45.77	0
401172606	MAXLTE 5 26IN EX RLBD SL GREEN	75.2	50
401172606L	MAXLTE 5 26IN EX RLBD SL GREEN	45.77	0
401172607L	MAXLTE 5 26IN EX RLBD DUS ROSE	45.77	0
401172627	MAXLTE 5 26IN EX RLBD AZUR BLU	75.2	50
401172627L	MAXLTE 5 26IN EX RLBD AZUR BLU	45.77	0
401172A02	MAXLITE 5 BREAKAWAY MID BLUE	150.4	0
401172A06	MAXLITE 5 BREAKAWAY SL GREEN	150.4	0
401172B01	MAXLITE 5 BREAKAWAY BLACK	141	0
401172C01	MAXLITE 5 CARRY ME AWAY BLACK	98.7	0
401172C02	MXL 5 CARRY ME AWAY MID BLUE	98.7	0
401172D01	MAXLITE 5 FASHIONISTA BLACK	112.8	0
401172D02	MAXLITE 5 FASHIONISTA MID BLUE	112.8	0
401172D06	MAXLITE 5 FASHIONISTA SL GREEN	112.8	0
401172D07	MAXLITE 5 FASHIONISTA DUS ROSE	112.8	0
401172E01	MAXLITE 5 IN CONTROL BLACK	112.8	0
401172E06	MAXLITE 5 IN CONTROL SL GREEN	112.8	0
401172E07	MAXLITE 5 IN CONTROL DUS ROSE	112.8	0
401172F01	MAXLTE 5 ON THE GO BLACK	108.1	0
401172F02	MAXLTE 5 ON THE GO MID BLUE	108.1	0
401173A01	MXL 5 FLOATING ON AIR BLACK	225.6	50
401173A02	MXL 5 FLOATING ON AIR MID BLUE	225.6	0
401174001	MAXLTE 5 C/O ROLL GARM BAG BLK	89.3	50
401174301	MAXLTE 5 INTL C/O RB BLACK	61.1	50
401174301L	MAXLTE 5 INTL C/O RB BLACK	36.52	0
401174306	MAXLTE 5 INTL C/O RB SLATE GRN	61.1	50
401174306L	MAXLTE 5 INTL C/O RB SLATE GRN	36.52	0
401174307	MAXLTE 5 INTL C/O RB DUS ROSE	61.1	50
401174307L	MAXLTE 5 INTL C/O RB DUS ROSE	36.52	0
401174327	MAXLTE 5 INTL C/O RB AZUR BLUE	61.1	50
401174327L	MAXLTE 5 INTL C/O RB AZUR BLUE	36.52	0
401175401L	MAXLTE 5 31IN EXP SPINNER BLK	59.62	0
401175427L	MAXLTE 5 31IN EXP SPINR AZR BL	59.62	0
401176101	MAXLTE 5 21IN EXP SPINNER BLK	65.8	50
401176101L	MAXLTE 5 21IN EXP SPINNER BLK	43.28	0
401176104	MAXLTE 5 21IN EXP SPINR BROWN	65.8	0
401176106	MAXLTE 5 21IN EX SPNR SL GREEN	65.8	50
401176106L	MAXLTE 5 21IN EX SPNR SL GREEN	43.28	0
401176107	MAXLTE 5 21IN EX SPNR DUS ROSE	65.8	50
401176107L	MAXLTE 5 21IN EX SPNR DUS ROSE	43.28	0
401176127	MAXLTE 5 21IN EX SPNR AZUR BLU	65.8	50
401176127L	MAXLTE 5 21IN EX SPNR AZUR BLU	43.28	0
401176501	MAXLTE 5 25IN EXP SPINNER BLK	75.2	50
401176501L	MAXLTE 5 25IN EXP SPINNER BLK	50.15	0
401176504	MAXLTE 5 25IN EXP SPINR BROWN	75.2	0
401176506	MAXLTE 5 25IN EX SPNR SL GREEN	75.2	50
401176506L	MAXLTE 5 25IN EX SPNR SL GREEN	50.15	0
401176507	MAXLTE 5 25IN EX SPNR DUS ROSE	75.2	50
401176507L	MAXLTE 5 25IN EX SPNR DUS ROSE	50.15	0
401176527	MAXLTE 5 25IN EX SPNR AZUR BLU	75.2	50
401176527L	MAXLTE 5 25IN EX SPNR AZUR BLU	50.15	0
401176701	MAXLTE 5 INTL C/O SPNR BLACK	65.8	50
401176701L	MAXLTE 5 INTL C/O SPNR BLACK	42.57	0
401176704	MAXLTE 5 INTL C/O SPNR BROWN	65.8	0
401176706	MAXLTE 5 INTL C/O SPR S. GREEN	65.8	50
401176706L	MAXLTE 5 INTL C/O SPR S. GREEN	42.57	0
401176707	MAXLTE 5 INTL C/O SPR DUS.ROSE	65.8	50
401176707L	MAXLTE 5 INTL C/O SPR DUS.ROSE	42.57	0
401176727	MAXLTE 5 INTL C/O SPR AZUR BLU	65.8	50
401176727L	MAXLTE 5 INTL C/O SPR AZUR BLU	42.57	0
401176901	MAXLTE 5 29IN EXP SPINNER BLK	84.6	50
401176901L	MAXLTE 5 29IN EXP SPINNER BLK	55.38	0
401176904	MAXLTE 5 29IN EXP SPINR BROWN	84.6	0
401176906	MAXLTE 5 29IN EX SPNR SL GREEN	84.6	50
401176906L	MAXLTE 5 29IN EX SPNR SL GREEN	55.38	0
401176907	MAXLTE 5 29IN EX SPNR DUS ROSE	84.6	50
401176907L	MAXLTE 5 29IN EX SPNR DUS ROSE	55.38	0
401176927	MAXLTE 5 29IN EX SPNR AZUR BLU	84.6	50
401176927L	MAXLTE 5 29IN EX SPNR AZUR BLU	55.38	0
401177301	MAXLTE 5 C/O ROLL DUFFLE BLK	56.4	50
401177301L	MAXLTE 5 C/O ROLL DUFFLE BLK	33.09	0
401177306	MAXLTE 5 C/O ROL DFFL SL GREEN	56.4	50
401177327	MAXLTE 5 C/O ROL DFFL AZUR BLU	56.4	50
401177701	MAXLTE 5 UNDERSEAT BAG BLACK	56.4	50
401177701L	MAXLTE 5 UNDERSEAT BAG BLACK	35	0
401177706	MAXLTE 5 UNDRSEAT BAG SL GREEN	56.4	0
401177706L	MAXLTE 5 UNDRSEAT BAG SL GREEN	35	0
401177707	MAXLTE 5 UNDRSEAT BAG DUS ROSE	56.4	50
401177727	MAXLTE 5 UNDRSEAT BAG AZUR BLU	56.4	50
401177727L	MAXLTE 5 UNDRSEAT BAG AZUR BLU	35	0
401179001	MAXLTE 5 HS C/O SPINNER BLACK	65.8	50
401179006	MXLTE 5 HS C/O SPINNER SLT GRN	65.8	50
401179007	MXLT 5 HS C/O SPINNER DUS ROSE	65.8	50
401179027	MAXLTE 5 HS C/O SPINNER AZR BL	65.8	50
401179101	MXLTE 5 HS EXP C/O SPINNER BLK	70.5	50
401179106	MXLT 5 HS EXP C/O SPNR SL GRN	70.5	50
401179107	MXLT 5 HS EXP C/O SPNR DUS ROS	70.5	50
401179127	MXLT 5 HS EXP C/O SPNR AZR BLU	70.5	50
401179501	MAXLTE 5 HS 25IN EXP SPINR BLK	84.6	50
401179506	MXLT 5 HS 25IN EXP SPN SL GRN	84.6	50
401179507	MXLT 5 HS 25IN EXP SPN DUS ROS	84.6	50
401179527	MXLT 5 HS 25IN EXP SPN AZR BL	84.6	50
401179701	MAXLTE 5 HS INTL C/O SPNR BLK	65.8	50
401179702	MXLTE 5 HS INTL C/O SPNR MD BL	65.8	50
401179706	MXLTE 5 HS INTL C/O SPNR SL GN	65.8	50
401179707	MXLTE 5 HS INTL C/O SPNR D ROS	65.8	50
401179727	MXLTE 5 HS INTL C/O SPNR AZ BL	65.8	50
401179901	MAXLTE 5 HS 29IN EXP SPINR BLK	94	50
401179906	MXLTE 5 HS 29IN EXP SPN SL GRN	94	50
401179907	MXLT 5 HS 29IN EXP SPN DUS ROS	94	50
401179927	MXLT 5 HS 29IN EXP SPN AZ BLU	94	50
40117J3A01	ML5 HS 3PC EXP SPNR SET BLK	233.2	0
40117J3A06	ML5 HS 3PC EXP SPNR SET SL GRN	233.2	0
40117J3A07	ML5 HS 3PC EXP SPNR SET D ROSE	233.2	0
40117J3B01	ML5 3PC EXP SPNR SET BLK	211.2	0
40117J3B06	ML5 3PC EXP SPNR SET SL GRN	211.2	0
40117J3B27	ML5 3PC EXP SPNR SET AZR BLU	211.2	0
409150101	PM2 CPF BUSINESS BRIEF BLACK	84.6	0
409150106	PM2 CPF SLIM BRIEF OLIVE	84.6	0
409150401	PM2 BIFOLD HANGING GARMENT BAG	117.5	50
409150601	PM2 CPF BUSINESS BACKPACK BLK	89.3	0
409150601L	PM2 CPF BUSINESS BACKPACK BLK	47.78	0
409150606	PM2 CPF BUSINESS BACKPACK OLV	89.3	0
409150606L	PM2 CPF BUSINESS BACKPACK OLIV	47.78	0
409151101	PM2 BIFOLD GARMENT VALET BLK	70.5	50
409151101L	PM2 BIFOLD GARMENT VALET BLK	42.18	0
409151301	PM2 SPINNER TOTE BLACK	131.6	0
409151301L	PM2 SPINNER TOTE BLACK	79.95	0
409151306	PM2 SPINNER TOTE OLIVE	131.6	50
409151306L	PM2 SPINNER TOTE OLIVE	79.95	0
409151401	PM2 LADIES BUS TOTE BLK	79.9	0
409151401L	PM2 LADIES BUS TOTE BLK	50.91	0
409151406	PM2 LADIES BUS TOTE OLIVE	79.9	0
409151406L	PM2 LADIES BUS TOTE OLIVE	50.91	0
409152201	PM2 22IN EXP RB SUITER BLACK	136.3	50
409152201L	PM2 22IN EXP RB SUITER BLACK	76.86	0
409152205	PM2 22IN EXP RB SUITR CHAR GRY	136.3	0
409152206	PM2 22IN EXP RB SUITER OLIVE	136.3	50
409152206L	PM2 22IN EXP RB SUITER OLIVE	76.86	0
409152209	PM2 22IN EXP RB SUITR MAR RED	136.3	0
409152222	PM2 22IN EXP RB SUITR D. NAVY	136.3	50
409152601	PM2  26IN EXP RB SUITER BLACK	169.2	50
409152601L	PM2  26IN EXP RB SUITER BLACK	93.62	0
409152606	PM2  26IN EXP RB SUITER OLIVE	169.2	50
409152606L	PM2  26IN EXP RB SUITER OLIVE	93.62	0
409152B01	PM2 2PC 21/25IN EXP SPNR BLACK	310.2	50
409152B05	PM2 2PC 21/25IN EXP SPN C.GREY	310.2	0
409152B06	PM2 2PC 21/25IN EXP SPNR OLIVE	310.2	0
409152C01	PM2 2PC 22/26IN EXP RB SUTR BK	292.5	0
409152C06	PM2 2PC 22/26IN EXP RB SUTR OL	305.5	0
409153A01	PM2 3PC 21/25/29 EXP SPIN BLK	498.2	0
409154001	PM2 CARRYON GB BLACK	164.5	50
409154001L	PM2 CARRYON GB BLACK	99.94	0
409154006	PM2 CARRYON GB OLIVE	164.5	50
409154006L	PM2 CARRYON GB OLIVE	99.94	0
409155101	PM2 50IN ROLLING GB BLACK	202.1	50
409155101L	PM2 50IN ROLLING GB BLACK	120.75	0
409155106	PM2 50IN ROLLING GB OLIVE	202.1	0
409155106L	PM2 50IN ROLLING GB OLIVE	120.75	0
409156001	PM2 INTL EXP SPINNER BLACK	141	0
409156001L	PM2 INTL EXP SPINNER BLACK	83.42	0
409156006	PM2 INTL EXP SPINNER OLIVE	141	50
409156006L	PM2 INTL EXP SPINNER OLIVE	83.42	0
409156101	PM2 21IN EXP SPIN SUITER BLACK	141	0
409156101L	PM2 21IN EXP SPIN SUITER BLACK	89.22	0
409156105	PM2 21IN EXP SPN SUITR CHR GRY	141	0
409156106	PM2 21IN EXP SPIN SUITER OLIVE	141	0
409156106L	PM2 21IN EXP SPIN SUITER OLIVE	89.22	0
409156109	PM2 21IN EXP SPN SUITR MAR RED	141	0
409156122	PM2 21IN EXP SPN SUITR D. NAVY	141	50
409156501	PM2 25IN EXP SPIN SUITER BLACK	169.2	50
409156501L	PM2 25IN EXP SPIN SUITER BLACK	98.43	0
409156505	PM2 25IN EXP SPN SUITR CHR GRY	169.2	0
409156506	PM2 25IN EXP SPIN SUITER OLIVE	169.2	50
409156506L	PM2 25IN EXP SPIN SUITER OLIVE	98.43	0
409156509	PM2 25IN EXP SPN SUITR MAR RED	169.2	0
409156901	PM2 29IN EXP SPIN BLACK	188	0
409156901L	PM2 29IN EXP SPIN BLACK	112.35	0
409156906	PM2 29IN EXP SPIN SUITER OLIVE	188	0
409156906L	PM2 29IN EXP SPIN OLIVE	112.35	0
409158001	PM2  20IN BUS PLUS BLACK	150.4	0
409158001L	PM2  20IN BUS PLUS BLACK	92	0
409158006	PM2  20IN BUS PLUS OLIVE	150.4	50
409158006L	PM2  20IN BUS PLUS OLIVE	92	0
409180001	PE WOMENS BCKP SHADOW BLACK	112.5	50
409180101	PE BUSINESS BRF SHADOW BLACK	112.8	50
409180104	PE BUSINESS BRF RICH ESPRESSO	112.8	50
409180105	PE BUSINESS BRF VINTAGE GREY	112.8	50
409180501	PE EXP BUSNS BRIEF SHADOW BLK	136.3	50
409180505	PE EXP BSNS BRIEF VINTG GREY	136.3	50
409180601	PE BUSNS BCKP SHADOW BLK	117.5	50
409180604	PE BSNS BP RICH ESPRESSO	117.5	0
409180605	PE BNS BCKP VINTAGE GREY	117.5	50
409181101	PE BFLD GMNT VALET SHADOW BLK	75.2	50
409181301	PE SPINNER TOTE SHADOW BLACK	131.6	50
409181304	PE SPINNER TOTE RICH ESPRESSO	131.6	50
409181305	PE SPINNER TOTE VINTAGE GREY	131.6	50
409181309	PE SPINNER TOTE BORDEAUX	131.6	50
409181801	PE RGNL RLBOARD SHADOW BLACK	131.6	50
409182201	PE 22IN EXP RB SUTR SHADOW BLK	141	50
409182204	PE 22IN EXP RB SUIT RCH ESPR	141	50
409182205	PE 22IN EXP RB SUITR VNTG GREY	141	50
409182209	PE 22IN EXP RB SUITER BRDEAUX	141	50
409182209L	PE 22IN EXP RB SUITER BRDEAUX	102.12	0
409182A01	PE STYLER BLACK	267.9	0
409182A04	PE STYLER RICH ESPRESSO	267.9	0
409182A05	PE STYLER VINTAGE GREY	267.9	0
409182A43	PE STYLER ESPRESSO/VINTAGE GRY	267	0
409182B05	PE TREND SETTER VINTAGE GREY	277.3	0
409182C01	PE FIRST CLASS SHADOW BLACK	314.9	0
409182C05	PE FIRST CLASS VINTAGE GREY	314.9	0
409182D01	PE ICONIC SHADOW BLACK	244.1	0
409184001	PE C/O ROLLING GB SHADOW BLK	164.5	50
409184301	PE INTL ROLLABOARD SHADOW BLK	141	50
409184301L	PE INTL ROLLABOARD SHADOW BLK	99.31	0
409184304	PE INTL ROLLBRD RICH ESPRESSO	141	50
409184304L	PE INTL ROLLBRD RICH ESPRESSO	99.31	0
409184601	PE WOMENS BRF SHADOW BLACK	126	50
409184604	PE WOMENS BRF RICH ESPRESSO	126	50
409184609	PE WOMENS BRF BORDEAUX	126	50
409184801	PE TRIFOLD GARMENT SHADOW BLK	126.9	50
409184804	PE TRIFOLD GRMNT RICH ESPRSO	126.9	50
409184805	PE TRIFOLD GRMNT VINTAGE GREY	126.9	50
409185101	PE 50IN ROLLING GB SHADOW BLK	202.1	50
409186101	PE 21IN EXP SPIN SUTR SHAD BLK	141	50
409186101L	PE 21IN EXP SPIN SUTR SHAD BLK	111.25	0
409186104	PE 21IN EXP SPIN SUIT R ESPRS	141	0
409186104L	PE 21IN EXP SPIN SUIT R ESPRS	111.25	0
409186105	PE 21IN EXP SPN SUIT VNTG GREY	141	50
409186105L	PE 21IN EXP SPN SUIT VNTG GREY	111.25	0
409186109	PE 21IN EXP SPIN SUITR BRDEAUX	141	50
409186109L	PE 21IN EXP SPIN SUITR BRDEAUX	111.25	0
409186501	PE 25IN EXP SPN SUTR SHAD BLK	173.9	50
409186501L	PE 25IN EXP SPN SUTR SHAD BLK	117.38	0
409186504	PE 25IN EXP SPIN SUIT R ESPRS	173.9	50
409186504L	PE 25IN EXP SPIN SUIT R ESPRS	117.38	0
409186505	PE 25IN EXP SPN SUIT VNTG GREY	173.9	50
409186505L	PE 25IN EXP SPN SUIT VNTG GREY	117.38	0
409186509	PE 25IN EXP SPIN SUITR BRDEAUX	173.9	50
409186509L	PE 25IN EXP SPIN SUITR BRDEAUX	117.38	0
409186701	PE INTL SPINNER SHADOW BLACK	141	50
409186701L	PE INTL SPINNER SHADOW BLACK	105.32	0
409186705	PE INTL SPINNER VINTAGE GREY	141	50
409186705L	PE INTL SPINNER VINTAGE GREY	105.32	0
409186709	PE INTL SPINNER BORDEAUX	141	50
409186709L	PE INTL SPINNER BORDEAUX	105.32	0
409186901	PE 29IN EXP SPIN SHADOW BLACK	188	50
409186901L	PE 29IN EXP SPIN SHADOW BLACK	131.38	0
409186904	PE 29IN EXP SPIN RICH ESPRESSO	188	50
409186904L	PE 29IN EXP SPIN RICH ESPRESSO	131.38	0
409186905	PE 29IN EXP SPINR VINTG GREY	188	50
409186905L	PE 29IN EXP SPINR VINTG GREY	131.38	0
409186909	PE 29IN EXP SPINR BORDEAUX	188	50
409186909L	PE 29IN EXP SPINR BORDEAUX	131.38	0
409187301	PE RGNL DUFFLE SHADOW BLACK	103.4	50
409188001	PE 20IN BUS+SPINER SHADOW BLK	150.4	50
409188001L	PE 20IN BUS+SPINER SHADOW BLK	115.15	0
409188005	PE 20IN BSNS+ SPNR VNTGE GREY	150.4	50
409188005L	PE 20IN BSNS+ SPNR VNTGE GREY	115.15	0
409188009	PE 20IN BSNS+ SPNR BORDEAUX	150.4	50
409188009L	PE 20IN BSNS+ SPNR BORDEAUX	115.15	0
409188201	PE WOMENS CROSSBODY SHADOW BLK	67.5	50
409188209	PE WOMENS CROSSBODY BORDEAUX	67.5	50
412150211	TPR BOLD2 SOFT DUFFEL BAG PURP	47	50
412150222	TPR BOLD2 SOFT DUFFEL BAG NAVY	47	50
412150611	TPR BOLD2 COMP BACKPACK PURP	47	0
412150622	TPR BOLD2 COMP BACKPACK NAVY	47	0
412152211	TPR BOLD2 22IN EXP RLBRD PURP	70.5	0
412152222	TPR BOLD2 22IN EXP RLBRD NAVY	70.5	0
412152511	TPR BOLD2 25IN EXP RLBRD PURP	79.9	50
412152522	TPR BOLD2 25IN EXP RLBRD NAVY	79.9	0
412152811	TPR BOLD2 28IN EXP RLBRD PURP	89.3	0
412152822	TPR BOLD2 28IN EXP RLBRD NAVY	89.3	0
412153011	TPR BOLD2 30IN DRP BTM DUF PUR	94	0
412153022	TPR BOLD2 30IN DRP BTM DUF NVY	94	0
412153A11	TBOLD2  3PC 22/25/28 RB PURPLE	239.7	0
412153A22	TBOLD2  3PC 22/25/28 RB NAVY	239.7	0
412155611	TPR BOLD2 26IN DRP BTM DUF PUR	89.3	0
412155622	TPR BOLD2 26IN DRP BTM DUF NVY	89.3	0
412156111	TPR BOLD2 21IN EXP SPNR PURP	79.9	0
412156122	TPR BOLD2 21IN EXP SPNR NAVY	79.9	0
412156611	TPR BOLD2 26IN EXP SPNR PURP	94	0
412156622	TPR BOLD2 26IN EXP SPNR NAVY	94	0
TP8008S0601	TOURLITE LAPTOP BP BLACK	47	50
TP8008S0602	TOURLITE LAPTOP BP BLUE	47	50
TP8008S2201	TOURLITE 22IN EXP RLLBRD BLACK	61.1	50
TP8008S2202	TOURLITE 22IN EXP RLLBRD BLUE	61.1	50
TP8008S2601	TOURLITE 26IN EXP RLLBRD BLACK	75.2	50
TP8008S2602	TOURLITE 26IN EXP RLLBRD BLUE	75.2	50
TP8008S6101	TOURLITE 21IN EXP SPINNER BLK	65.8	50
TP8008S6102	TOURLITE 21IN EXP SPINNER BLUE	65.8	50
TP8008S6501	TOURLITE 25IN EXP SPINNER BLK	75.2	50
TP8008S6502	TOURLITE 25IN EXP SPINNER BLUE	75.2	50
TP8008S6701	TOURLITE INTL C/O SPNR BLACK	65.8	50
TP8008S6702	TOURLITE INTL C/O SPNR BLUE	65.8	50
TP8008S6901	TOURLITE 29IN EXP SPINNER BLK	84.6	50
TP8008S6902	TOURLITE 29IN EXP SPINNER BLUE	84.6	50
TP8008S7701	TOURLITE UNDERSEAT BAG BLACK	56.4	50
TP8008S7702	TOURLITE UNDERSEAT BAG BLUE	56.4	50
311143A01	UL3 21/25/29 SET EXP SPN BLK	141.3	0
311143A12	UL3 21/25/29 SET EXP SPN TURQ	141.3	0
311143A65	UL3 21/25/29 SET EXP SPN PURP	141.3	0
311146101	ULTRA LITE3 21IN EXP SPIN BLK	37.6	0
311146112	ULTRA LITE3 21IN EXP SPIN TURQ	37.6	50
311146165	ULTRA LITE3 21IN EXP SPIN PURP	37.6	0
311146501	ULTRA LITE3 25IN EXP SPIN BLK	47	0
311146512	ULTRA LITE3 25IN EXP SPIN TURQ	47	50
311146565	ULTRA LITE3 25IN EXP SPIN PURP	47	0
311146901	ULTRA LITE3 29IN EXP SPIN BLK	56.4	0
311146912	ULTRA LITE3 29IN EXP SPIN TURQ	56.4	50
311146965	ULTRA LITE3 29IN EXP SPIN PURP	56.4	0
31114O2A01	UL3 25/29 SET EXP SPN BLK	63	0
31114O3A01	UL3 21/25/29 SET EXP SPN BLK	87	0
31114O3A12	UL3 21/25/29 SET EXP SPN TRQ	87	0
31114O3A65	UL3 21/25/29 SET EXP SPN PURP	87	0
311158801	ULTRA HS 20IN EXP SPIN BLK	37.6	0
311158812	ULTRA HS 20IN EXP SPIN TURQ.	37.6	0
311158865	ULTRA HS 20IN EXP SPIN PURPLE	37.6	0
311159501	ULTRA HS 25IN EXP SPIN BLACK	47	0
311159512	ULTRA HS 25IN EXP SPIN TURQ.	47	0
311159565	ULTRA HS 25IN EXP SPIN PURPLE	47	0
311159801	ULTRA HS 29IN EXP SPIN BLACK	56.4	0
311159812	ULTRA HS 29IN EXP SPIN TURQ.	56.4	0
311159865	ULTRA HS 29IN EXP SPIN PURPLE	56.4	0
31143A12	UL3 21/25/29 SET EXP SPN TURQ	141.3	0
311176101	ATL ULT 21IN SPNR JADE BLACK	37.6	50
311176111	ATL ULT 21IN SPNR BRT VIOLET	37.6	50
311176112	ATL ULT 21IN SPNR TURQ BLUE	37.6	50
3111761BL06	ATL ULT 21IN SPNR LULU GREEN	37.6	50
3111761BL22	ATL ULT 21IN SPNR LULU NAVY	37.6	50
3111761BS11	ATL ULT 21IN SPNR SURF PURPLE	37.6	50
3111761KW02	ATL ULT C/O SPNR WATERCOLOR BL	37.6	50
3111761KW11	ULTR LTE4 21IN SPNR WATERCOLOR	37.6	0
311176501	ATL ULT 25IN SPNR JADE BLACK	47	50
311176511	ATL ULT 25IN SPNR BRT VIOLET	47	50
311176512	ATL ULT 25IN SPNR TURQ BLUE	47	50
3111765BL06	ATL ULT 25IN SPNR LULU GREEN	47	50
3111765BL22	ATL ULT 25IN SPNR LULU NAVY	47	50
3111765BS11	ATL ULT 25IN SPNR SURF PURPLE	47	50
3111765KW02	ATL ULT 25IN SPNR WATERCOLOR B	47	50
3111765KW11	ULTR LTE4 25IN SPNR WATERCOLOR	47	0
311176901	ATL ULT 29IN SPNR JADE BLACK	56.4	50
311176911	ATL ULT 29IN SPNR BRT VIOLET	56.4	50
311176912	ATL ULT 29IN SPNR TURQ BLUE	56.4	50
3111769BL06	ATL ULT 29IN SPNR LULU GREEN	56.4	50
3111769BL22	ATL ULT 29IN SPNR LULU NAVY	56.4	50
3111769BS11	ATL ULT 29IN SPNR SURF PURPLE	56.4	50
3111769KW02	ATL ULT 29IN SPNR WATERCOLOR B	56.4	50
3111769KW11	ULTR LTE4 29IN SPNR WATERCOLOR	56.4	0
311177701	ATL ULT ROLL UNDRSEAT C/O J BL	32.9	50
311177711	ATL ULT ROLL UNDRSEAT C/O B VT	32.9	50
311177712	ATL ULT ROLL UNDRSEAT C/O T BL	32.9	50
311179001	ATL ULT 20IN HS SPN JADE BLK	42.3	50
311179011	ATL ULT 20IN HS SPN BRT VLT	42.3	50
311179012	ATL ULT 20IN HS SPN TRQ BLU	42.3	50
3111790BS02	ATL ULT 20IN HS SPN SURF BLU	42.3	50
311179401	ATL ULT 24IN HS SPN JADE BLK	51.7	50
311179411	ATL ULT 24IN HS SPN BRT VLT	51.7	50
311179412	ATL ULT 24IN HS SPN TRQ BLU	51.7	50
3111794BS02	ATL ULT 24IN HS SPN SURF BLU	51.7	50
311179801	ATL ULT 28IN HS SPN JADE BLK	61.1	50
311179811	ATL ULT 28IN HS SPN BRT VLT	61.1	50
311179812	ATL ULT 28IN HS SPN TRQ BLU	61.1	50
3111798BS02	ATL ULT 28IN HS SPN SURF BLU	61.1	50
309150301	UNITE2 SHOULDER TOTE BLACK	18.8	0
309150302	UNITE2 SHOULDER TOTE STEEL BLU	18.8	0
309150309	UNITE2 SHOULDER TOTE CRANBERRY	18.8	0
309151301	UNITE2 WHEELED TOTE BLACK	42.3	50
309151302	UNITE2 WHEELED TOTE STEEL BLUE	42.3	0
309155301	UNITE2 SPINNER TOTE BLACK	47	0
309155302	UNITE2 SPIN TOTE STEEL BLUE	47	0
309155309	UNITE2 SPINNER TOTE CRANBERRY	47	0
309156101	UNTE 2 21IN EXP SPINNER BLACK	56.4	0
309156102	UNTE 2 21IN EXP SPNR STEEL BLU	56.4	0
309156109	UNTE 2 21IN EXP SPNR CRNBERRY	56.4	0
309156501	UNTE 2 25IN EXP SPINNER BLACK	65.8	0
309156502	UNTE 2 25IN EXP SPNR STEEL BLU	65.8	0
309156509	UNTE 2 25IN EXP SPNR CRANBERRY	65.8	0
309156901	UNTE 2 29IN EXP SPINNER BLACK	75.2	0
309156902	UNTE 2 29IN EXP SPNR STEEL BLU	75.2	0
309156909	UNTE 2 29IN EXP SPNR CRANBERRY	75.2	0
